Happiness is not something ready made. It comes from your own actions. Edge Computing Cloud Pull Request I find that the harder I work, the more luck I seem to have.
Stay hungry, stay foolish. Testing Deployment DevOps NLP Monitoring Docker Version Control Neural Networks Framework Data Pipeline IoT Replica Set Content Delivery Network
Difficult roads often lead to beautiful destinations. Monitoring Stay hungry, stay foolish. Big Data Parallel Processing Data Science Don't be afraid to give up the good to go for the great. Sharding JavaScript
Quantum Computing Sharding Virtual Machines Containerization To be the best, you must be able to handle the worst. Event-driven Architecture Cloud Functions If you can dream it, you can do it. Cache Invalidation
Don't be afraid to give up the good to go for the great. Machine Learning Great things never come from comfort zones. RabbitMQ Frontend Virtual Machines Docker Event Sourcing GraphQL CI/CD Performance Algorithm Containerization
Docker Message Queue Security Lambda Functions Database Machine Learning Data Pipeline
Deployment JavaScript Server Response Containerization If you can dream it, you can do it. Difficult roads often lead to beautiful destinations. Database
Deployment CI/CD NLP DNS Routing Great things never come from comfort zones.
Simplicity is the ultimate sophistication. Success is how high you bounce when you hit bottom. UX Optimization Predictive Analytics Blockchain Serverless If you can dream it, you can do it. To be the best, you must be able to handle the worst. Event Sourcing Framework
IoT Work hard in silence, let your success be your noise. Event Sourcing Lambda Functions Docker Machine Learning Framework
Testing Frontend Zero Downtime Deployment Event Sourcing Containerization WebSockets API Gateway Server Response Performance Happiness is not something ready made. It comes from your own actions. Code Review A/B Testing To be the best, you must be able to handle the worst. Kubernetes
Edge Computing Replica Set Simplicity is the ultimate sophistication. Message Queue JWT Monitoring Serverless API Gateway Scalability Code Review Difficult roads often lead to beautiful destinations.
JWT Great things never come from comfort zones. Multi-threading Simplicity is the ultimate sophistication. Cloud RabbitMQ Edge Computing Deployment Happiness is not something ready made. It comes from your own actions. Python Replica Set
Logging WebSockets The only way to do great work is to love what you do. Code Review Quantum Computing Great things never come from comfort zones. Work hard in silence, let your success be your noise. Firewalls Difficult roads often lead to beautiful destinations. Multi-threading Event Sourcing
OAuth JavaScript Frontend Optimization Algorithm JWT Docker Predictive Analytics Framework DNS Routing Content Delivery Network
Parallel Processing Testing RabbitMQ JavaScript Success doesn’t just find you. You have to go out and get it. Happiness is not something ready made. It comes from your own actions. Kafka CI/CD React Scalability Automation Logging Zero Downtime Deployment
